Company name,Website,City / Location,Segment,What they make,Revenue band (estimate),Decision-maker (name;title;background),C1 (Manufacturer),C1 evidence,C2 (India-based),C2 evidence,C3 (Differentiated),C3 evidence,C4 (Technical DM),C4 evidence,C5 (Growing sector),C5 evidence,C6 (Growth signals),C6 evidence,Overall verdict,Personalization hook,Federer score
Bharat Biotech,https://www.bharatbiotech.com/,Hyderabad,Vaccines / biotech,Innovative vaccines and biotherapeutics including oral cholera, rotavirus, typhoid, and intranasal vaccine programs,Rs.300-500Cr,Dr. Krishna M. Ella; Chairman & Managing Director; scientist-founder,Strong,"Official manufacturing-facilities page says vaccines and bio-therapeutics are manufactured at scale across Hyderabad, Ankaleshwar, Mallur, and Pune.",Strong,"India HQ and multiple manufacturing sites in India.",Strong,"Patented HIMAX technology; WHO-prequalified vaccines; first/first-in-world vaccine claims and deep R&D pipeline.",Strong,"Founder-led, science-led organization; founder profile and scientific R&D emphasis on site.",Strong,"Vaccines, biologics, Make-in-India and export relevance.",Strong,"Website and facilities pages are current; manufacturing page cites current-year content and active product/news pages.",Strong fit,"Patented HIMAX technology and multiple regulated vaccine facilities across India.",100
Biological E,https://www.biologicale.com/,Hyderabad,Vaccines / biologics,Vaccines, biologics, snake antivenom, and branded formulations,Rs.300-500Cr,Krishna M. Ella / leadership team; scientist-led promoter group,Strong,"Vaccines & Biologics page describes modern manufacturing facilities, WHO pre-qualified vaccines, and sterile manufacturing.",Strong,"Indian manufacturer with Hyderabad business base and production footprint.",Strong,"First Indian private company to enter vaccines business; seven WHO pre-qualified vaccines; 100+ countries export reach.",Strong,"Founder-promoter ecosystem is technical and biotech-led.",Strong,"Vaccines/biologics are a tailwind sector with export and public-health demand.",Strong,"News and business pages show continued activity and product expansion.",Strong fit,"First Indian private company to enter vaccines business with WHO-prequalified products.",95
Indian Immunologicals,https://www.indimmune.com/,Hyderabad,Animal health biologics / vaccines,Animal and human vaccines, formulations, nutraceuticals, and contract manufacturing,Rs.300-500Cr,Dr. K. Anand Kumar; Managing Director; doctor/scientific operator,Strong,"Homepage and business-unit pages describe manufacturing capabilities, registered products, contract manufacturing, and multiple facilities.",Strong,"Indian company with Hyderabad facilities and manufacturing in India.",Strong,"1st Indian tissue-culture rabies vaccine, 1st indigenously developed Hepatitis A vaccine, 150+ registered products.",Strong,"MD page names Dr. K. Anand Kumar; R&D-heavy positioning and technical leadership are explicit.",Strong,"Biologics and animal health vaccines continue to benefit from health-security and export tailwinds.",Strong,"News page shows 2024-2025 product launches and active updates.",Strong fit,"Recent launch: India’s first gE-deleted DIVA marker vaccine against IBR.",98
Virchow Biotech,http://virchowbiotech.com/,Hyderabad,Biologics / injectables / medical devices,Biogenerics, pharmaceuticals, medical devices, and APIs,>Rs.500Cr,Promoter-led family group; technical leadership not fully verified from homepage,Strong,"Homepage explicitly says the company develops and manufactures biopharmaceutical products and has manufacturing and R&D facilities in Hyderabad.",Strong,"Founded in Hyderabad; corporate office and manufacturing/R&D facilities are in Hyderabad.",Strong,"USFDA, WHO-GMP, ISO 13485 certifications and exports to 100+ countries show regulatory depth.",Moderate,"Technical leadership exists but founder background was not fully verified in this pass.",Strong,"Biopharma and regulated manufacturing remain strong sectors.",Moderate,"Homepage shows long operating history and current global footprint, but ownership/leadership evidence needs one more pass.",Fit,"USFDA and WHO-GMP certified biopharma manufacturing from Hyderabad.",82
Lazuline Biotech,https://www.lazulinebio.com/,Hyderabad,Specialty biotech,Recombinant proteins, especially recombinant human serum albumin,Rs.30-100Cr,Scientist-founder team; specific name to verify in second pass,Moderate,"Assignment brief describes production capability for recombinant HSA in Pichia pastoris.",Strong,"Hyderabad-based specialty biotech company.",Strong,"Rare global capability in recombinant HSA using Pichia pastoris expression system.",Strong,"Scientist-led founding team per assignment brief.",Strong,"Biologics and recombinant protein manufacturing have strong China+1 tailwinds.",Moderate,"Small scale; limited public growth signals were visible in the first pass.",Strong fit,"One of the few companies globally making recombinant HSA in Pichia pastoris.",85
Ananth Technologies,https://www.ananthtech.com/,Hyderabad,Defence electronics / aerospace,Satellite systems, launch-vehicle subsystems, avionics, RF systems, and satellite AIT,Rs.300-500Cr,Dr. Subba Rao Pavuluri; Founder & Chairman; ex-ISRO / scientist-founder,Strong,"About page says the company delivers mission-critical electronic systems for satellites, launch vehicles, and missiles.",Strong,"Hyderabad HQ and multiple centers of excellence in India.",Strong,"Part of every Indian space program since 1992; SPADEX target and chaser satellites assembled and tested at Bengaluru facility.",Strong,"Founder is Dr. Subba Rao Pavuluri, with managing director and director from the same technical founder family.",Strong,"Space, defence, and indigenization are clear tailwinds.",Strong,"Journey page and about page show repeated 2023-2025 milestones and active programs.",Strong fit,"India’s first in-space docking experiment (SPADEX) was assembled and tested at Ananth’s facility.",100
Avantel,https://www.avantel.in/,Hyderabad,Defence electronics / communications,Aerospace and defence electronics, marine communications, and custom network-centric systems,Rs.100-300Cr,Promoter-led technical management; exact CEO background to verify later,Strong,"Homepage says it provides indigenous solutions in aerospace and defence electronics and MIL-standard products for defence platforms.",Strong,"Hyderabad-based company with Indian manufacturing and engineering presence.",Strong,"Custom innovative solutions, first-of-its-kind products, and defence standards support differentiation.",Moderate,"Leadership background should be validated separately, but the company is clearly engineering-led.",Strong,"Defence indigenization and secured communications have strong sector tailwinds.",Moderate,"Homepage is active and publicly maintains a capabilities page and current site.",Fit,"MIL-standard defence platform solutions for ships, submarines, aircraft, and helicopters.",78
Cyient DLM,https://www.cyientdlm.com/,Bengaluru,Electronics manufacturing / aerospace,Design-led manufacturing for aerospace, industrial, and healthcare products,Rs.300-500Cr,Dr. BVR Mohan Reddy / leadership team; engineer-founder ecosystem,Strong,"Homepage describes integrated manufacturing across the product life cycle and 350,000 sq ft of manufacturing floor space.",Strong,"Indian manufacturer with Bengaluru presence and India operations.",Strong,"Design-led manufacturing model and long-term avionics contracts with Thales/Boeing; precision machining facility expansion.",Strong,"Cyient leadership is engineering-heavy and founder-led; management pages can be used for exact bios.",Strong,"Aerospace and industrial EMS are strong China+1 and Make-in-India segments.",Strong,"2024-2026 news page shows acquisitions, awards, new facility, and quarterly results.",Strong fit,"New precision-machining facility in Bengaluru and production contracts with Boeing and Thales.",93
MTAR Technologies,https://mtar.in/,Hyderabad,Precision manufacturing / aerospace / clean energy,Critical assemblies, advanced machining, fabrication, and space/aerospace systems,Rs.300-500Cr,Technical promoter / management team; exact background to verify in second pass,Strong,"Homepage and company pages call MTAR a precision engineering and manufacturing firm for space, nuclear, aerospace, and clean energy.",Strong,"Hyderabad address and multiple Indian manufacturing units.",Strong,"Certified AS9100D, NADCAP, and ISO; critical assemblies for ISRO GSLV/PSLV missions.",Moderate,"Leadership background should be checked, but company culture is clearly engineering-heavy.",Strong,"Space, aerospace, and clean energy are structurally supported sectors.",Strong,"Corporate announcements and news pages show repeated 2026 updates and plant visits.",Strong fit,"Over 30 years supplying critical assemblies for ISRO launch vehicles.",92
Data Patterns India,https://www.datapatternsindia.com/,Chennai,Defence electronics,Defence and aerospace electronic solutions, products and subsystems,Rs.300-500Cr,Founder-led technical management; exact bios to verify in second pass,Strong,"Homepage states it is a defence and aerospace electronic solutions company with products, services, and infrastructure.",Strong,"Indian company with Chennai operations and public manufacturing/infrastructure pages.",Strong,"Defence electronics and aerospace specialization; quality and ISMS pages indicate deep technical process depth.",Moderate,"Leadership/MD technical background should be verified separately.",Strong,"Defence electronics remain a major indigenization tailwind.",Strong,"News/investors pages and homepage carousel show current activity and results sections.",Fit,"Defence and aerospace electronic solutions company with infrastructure and active news flow.",82
Molbio Diagnostics,https://www.molbiodiagnostics.com/,Goa,Specialty diagnostics / life-science tools,Point-of-care diagnostic platforms and real-time PCR systems,Rs.100-300Cr,Founder/leadership to verify in second pass,Strong,"Homepage says it deploys gold-standard diagnostics directly to people and develops point-of-care technology solutions.",Strong,"Indian manufacturer with Goa manufacturing base and global footprint.",Strong,"Truenat platform, Bigtec Labs R&D, and real-time PCR platform for infectious disease diagnosis are clear differentiators.",Moderate,"Leadership bios were not extracted in this pass.",Strong,"Diagnostics and decentralized testing remain structural tailwinds.",Strong,"Stories and news pages are active, with dated 2022-2023 impact stories and current site metadata.",Strong fit,"Truenat real-time PCR platform for point-of-care infectious-disease diagnosis.",90
Alkali Metals,https://www.alkalimetals.com/,Hyderabad,Specialty chemicals,Specialty chemical intermediates such as sodium amide, sodium hydride, sodium methoxide, and pyridine derivatives,Rs.100-300Cr,Promoter-led management; exact technical background to verify later,Strong,"Homepage product menu and manufacturing-facilities page show multiple in-house products and manufacturing units.",Strong,"Hyderabad-based Indian manufacturer.",Strong,"Wide portfolio of niche chemical intermediates and analytical facilities; listed products are not commodity bulk chemicals.",Moderate,"Promoter/MD background not verified in this pass.",Strong,"Custom synthesis / specialty chemicals are on the right side of the tailwind curve.",Moderate,"Investor pages and product catalog suggest an active operating company, but more recent hiring/news signals should be checked.",Fit,"Multiple in-house products, including 2-aminopyridine, 7-azaindole, sodium amide, and sodium hydride.",76
Aizant Drug Research Solutions,https://www.aizant.com/,Hyderabad,Pharma CDMO / clinical research,Formulation development, CMO/CDMO, clinical research, and API development,Rs.100-300Cr,Founder/leadership to verify in second pass,Strong,"Homepage explicitly says it is a CDMO/CMO/CRO company with manufacturing facilities and advanced R&D labs.",Strong,"Hyderabad-based Indian company with facilities and public office details.",Moderate,"Technically sophisticated, but it is service-heavy rather than a pure product manufacturer.",Moderate,"Leadership bios not extracted in this pass.",Strong,"CDMO/regulated pharma is supported by the broader India pharma export tailwind.",Strong,"News page shows a July 2024 USFDA milestone with zero 483s and current knowledge-hub updates.",Borderline - service-heavy,"USFDA milestone with zero 483s and an API development stack spanning oncology and NCEs.",58
Hetero,https://www.hetero.com/,Hyderabad,Pharma / biologics / global access,APIs, global generics, biosimilars, and supply for global markets,>Rs.500Cr,Promoter-led management; exact technical background not extracted here,Strong,"Homepage and newsroom show APIs, biosimilars, global manufacturing facilities, and no retail distribution.",Strong,"Hyderabad-based Indian group with global manufacturing footprint.",Moderate,"Technically capable but primarily a generic-pharma platform rather than a highly niche specialty manufacturer.",Moderate,"Leadership page exists, but background not pulled in this pass.",Strong,"Pharma export and complex generics remain strong tailwinds.",Strong,"Newsroom has 2026 and 2024 releases, including semaglutide export launch and licensing deal with Gilead.",Borderline - likely too large/generic,"2026 newsroom item: launch of generic semaglutide injections for diabetes and obesity markets.",55
Sai Life Sciences,https://www.sailife.com/,Hyderabad,Pharma CDMO / CRO,Contract research, development, and manufacturing organization supporting pharma and biotech drug programs,>Rs.500Cr,Promoter-led management; exact technical background not extracted here,Strong,"Homepage and metadata say it is a full-service CRO/CDMO.",Strong,"India-based with Hyderabad presence.",Moderate,"Highly technical, but still a service company, not a product manufacturer.",Moderate,"Management bios not extracted in this pass.",Strong,"CRDMO is a tailwind segment in Indian pharma.",Strong,"Homepage metadata is current and updated in 2026.",Not ICP - service company,"Full-service CRO/CDMO with a stated vision to support launch of 25 medicines.",35
MedGenome,https://diagnostics.medgenome.com/,Bengaluru,Genomics / diagnostics services,Genetic testing and research services,>Rs.500Cr,Leadership to verify in second pass,Moderate,"Homepage says it operates South Asia’s largest CAP-accredited genetic testing lab.",Strong,"Indian operations with diagnostics base in Bengaluru.",Moderate,"Deep science, but the business is a testing service rather than a product manufacturer.",Moderate,"Leadership background not extracted in this pass.",Strong,"Genetics and diagnostics remain a strong healthcare tailwind.",Strong,"Homepage metadata shows a modified date of 2026-05-04 and active site content.",Not ICP - service lab,"South Asia’s largest CAP-accredited genetic testing lab with AI/ML bioinformatics.",42
Shantha Biotechnics,https://www.sanofi.in/,Hyderabad,Vaccines,Historical vaccine brand now under Sanofi,>Rs.500Cr,Corporate owner now Sanofi; promoter-driven fit lost,Weak,"The assignment brief notes Shantha was acquired by Sanofi, which breaks the promoter-driven ICP.",Strong,"Indian legacy site historically in Hyderabad, but ownership changed.",Moderate,"Technically relevant business, but acquisition changed the ownership/decision-making model.",Weak,"No founder-driven technical promoter remains visible.",Strong,"Vaccines remain a tailwind, but ownership disqualifies it.",Weak,"Acquired company; no independent growth signals needed for this ICP.",Not ICP - acquired,"Acquisition by Sanofi makes it a poor Federer fit even if technically strong.",18
Aurobindo Biologics,https://www.aurobindo.com/,Hyderabad,Biologics,Large biologics division inside a major group,>Rs.500Cr,Group-owned management,Strong,"Large biologics manufacturer with Indian operations.",Strong,"India-based, but as part of a large group.",Strong,"Biologics are technically complex, but the business is too large for the segment.",Weak,"Group-owned rather than founder-driven in the way this ICP needs.",Strong,"Biologics are structurally attractive, but size/ownership disqualify it.",Weak,"Too large / not entrepreneur-owned; growth signals are irrelevant for fit.",Not ICP - too large / group-owned,"Large biologics platform, but outside the Rs.50Cr-Rs.500Cr founder-led band.",28
Anthea Pharma,https://www.antheapharma.com/,Hyderabad,Sterile injectables / regulated pharma,Sterile injectables and regulated pharma products,Rs.100-300Cr,Leadership to verify in second pass,Strong,"User brief indicates sterile-injectables manufacturing; public verification still needed before final submission.",Strong,"Indian manufacturer in the Hyderabad pharma cluster.",Strong,"Sterile injectables are a regulated, differentiated pharma segment.",Moderate,"Leadership background was not extracted in this pass.",Strong,"Regulated injectables benefit from export and compliance tailwinds.",Moderate,"Needs one more verification pass for website/news and growth signals.",Borderline - needs verification,"Sterile injectables are one of the more attractive regulated pharma niches if manufacturing is confirmed.",66
Huwel Lifesciences,https://www.huwellifesciences.com/,Hyderabad,Specialty biotech / life-science tools,Cell culture and biotech manufacturing,Unknown,Leadership to verify in second pass,Moderate,"User brief says cell-culture / biotech manufacturing; public content was not extractable in this pass.",Strong,"Indian company in the Hyderabad cluster.",Strong,"If verified, cell-culture and specialty biotech are differentiated capabilities.",Moderate,"Leadership evidence not extracted.",Strong,"Biotech manufacturing is a strong tailwind sector.",Weak,"Public growth signals could not be verified from the site in this pass.",Borderline - provisional,"Small biotech manufacturing companies can be strong fits if manufacturing and growth are confirmed.",54
Bionline Diagnostics,https://www.bionline.in/,Hyderabad,Specialty diagnostics,Diagnostic reagents and rapid diagnostics,Unknown,Leadership to verify in second pass,Moderate,"User brief notes it is a manufacturer of diagnostic reagents, but the page did not yield extractable content here.",Strong,"Indian company; likely Hyderabad-based from user brief.",Strong,"Diagnostic reagents are a differentiated specialty diagnostics niche.",Moderate,"Leadership background not extracted.",Strong,"Diagnostics and life-science tools remain a strong sector.",Weak,"No public growth signals verified in this pass.",Borderline - provisional,"Diagnostic reagents are a better fit than generic testing services if manufacturing is confirmed.",56
Pariksha Biotech,https://www.parikshabiotech.com/,Hyderabad,Specialty diagnostics / IVD,Diagnostic reagents / IVD materials,Unknown,Leadership to verify in second pass,Moderate,"User brief says it manufactures IVD reagents; public page extraction failed.",Strong,"Indian company; Hyderabad cluster fit from user brief.",Strong,"IVD reagents are a differentiated specialty-diagnostics niche.",Moderate,"Leadership evidence not extracted.",Strong,"Diagnostics is one of the strongest tailwind segments in the assignment.",Weak,"No growth signals verified in this pass.",Borderline - provisional,"IVD reagent manufacturing is a relevant specialty-manufacturing pattern if verified.",55
ABR Organics,https://www.abrorganics.com/,Hyderabad,Specialty materials / polymers,Specialty polymers and materials,Unknown,Leadership to verify in second pass,Moderate,"User brief says specialty polymers; the site redirected and did not yield product text in this pass.",Strong,"Indian company; likely Hyderabad operations from user brief.",Strong,"Specialty polymers/materials can be differentiated manufacturing if verified.",Weak,"Leadership evidence not extracted.",Strong,"Specialty materials are structurally attractive and often exportable.",Weak,"No current growth signals verified in this pass.",Borderline - provisional,"Specialty polymers can be a good Federer fit if the company owns formulation and manufacturing.",50
Chrogene Aarogyam Biotech,https://www.chrogene.com/,Hyderabad,Specialty biotech,Startup-stage biotech manufacturing angle,Unknown,Leadership to verify in second pass,Moderate,"User brief identifies a startup manufacturing angle; website evidence not extracted in this pass.",Strong,"Indian startup candidate in the Hyderabad cluster.",Moderate,"Potentially differentiated if it is truly manufacturing-focused.",Weak,"Leadership/background not extracted.",Strong,"Startup biotech can fit the growth tailwind if manufacturing is real.",Weak,"No growth signals verified in this pass.",Borderline - provisional,"Startup biotech can work, but only if manufacturing and traction are real.",48
Genica Biosciences,https://www.genicabiosciences.com/,Hyderabad,Diagnostics / recombinant proteins,Small biotech player in diagnostics/recombinant proteins,Unknown,Leadership to verify in second pass,Moderate,"User brief says it is a small biotech player; public page extraction failed.",Strong,"Indian company in the Hyderabad biotech cluster.",Moderate,"Could be differentiated if recombinant proteins or diagnostics are in-house products.",Weak,"Leadership evidence not extracted.",Strong,"Diagnostics and recombinant proteins are strong sectors.",Weak,"No growth signals verified in this pass.",Borderline - provisional,"Small biotech players can be valuable if they own real product IP.",52
Sai Deepa Rock Drills,https://www.saideepa.com/,Hyderabad,Technical manufacturing / industrial machinery,Rock drills and drilling equipment,Unknown,Leadership to verify in second pass,Strong,"User brief places it as industrial manufacturing with technical complexity.",Strong,"Indian manufacturing company in Hyderabad.",Moderate,"Technical, but outside the core biotech/diagnostics focus for this assignment.",Weak,"Leadership evidence not extracted.",Moderate,"Industrial equipment is more cyclical than the specialty segments we want.",Weak,"No public growth signals verified in this pass.",Borderline - off-segment,"Technical manufacturing can still be a fit if the founder is strong and the company is growing.",57